<application>
  <component name="com.intellij.ide.ui.customization.CustomActionsSchema">
    <group value="NewUiRunWidget" is_action="true" action_type="-1" position="1">
      <path value="root" />
      <path value="Main Toolbar" />
      <path value="Right" />
    </group>
    <group value="main.toolbar.Filename" is_action="true" action_type="-1" position="0">
      <path value="root" />
      <path value="Main Toolbar" />
      <path value="Center" />
    </group>
    <group value="ExecutionTargetsToolbarGroup" is_group="true" forse_popup="false" action_type="-1" position="0">
      <path value="root" />
      <path value="Main Toolbar" />
      <path value="Right" />
    </group>
    <group value="ExecutionTargetsToolbarGroup" is_group="true" forse_popup="false" action_type="1" position="0">
      <path value="root" />
      <path value="Main Toolbar" />
      <path value="Center" />
    </group>
    <group value="NewUiRunWidget" is_action="true" action_type="1" position="1">
      <path value="root" />
      <path value="Main Toolbar" />
      <path value="Center" />
    </group>
    <group value="Synchronize" is_action="true" action_type="1" position="5">
      <path value="root" />
      <path value="Main Toolbar" />
      <path value="Left" />
    </group>
  </component>
</application>