<application>
  <component name="DiffSettings">
    <option name="PLACES_MAP">
      <entry key="ChangesToolWindowPreview">
        <PlaceSettings>
          <option name="DIFF_TOOLS_ORDER">
            <list>
              <option value="com.intellij.openapi.vcs.changes.patch.tool.ApplyPatchDiffTool" />
              <option value="com.intellij.openapi.vcs.changes.patch.tool.PatchDiffTool" />
              <option value="com.intellij.diff.tools.combined.CombinedUnifiedDiffTool" />
              <option value="com.intellij.diff.tools.combined.CombinedSideBySideDiffTool" />
              <option value="org.jetbrains.idea.svn.difftool.properties.SvnPropertiesDiffTool" />
              <option value="org.jetbrains.idea.svn.difftool.SvnPhantomChangeDiffRequestProvider.SvnPhantomDiffTool" />
              <option value="org.jetbrains.idea.svn.difftool.SvnTreeConflictDiffRequestProvider.SvnTreeConflictDiffTool" />
              <option value="com.intellij.database.model.diff.SchemaDiffTool" />
              <option value="com.intellij.database.diff.TableDiffTool" />
              <option value="com.intellij.diff.tools.fragmented.UnifiedDiffTool" />
              <option value="com.intellij.diff.tools.simple.SimpleDiffTool" />
              <option value="com.intellij.diff.tools.binary.BinaryDiffTool" />
              <option value="com.intellij.diff.tools.dir.DirDiffTool" />
            </list>
          </option>
        </PlaceSettings>
      </entry>
      <entry key="ChangesTreeDiffPreview">
        <PlaceSettings>
          <option name="DIFF_TOOLS_ORDER">
            <list>
              <option value="com.intellij.jupyter.diff.extensions.JupyterDiffTool" />
              <option value="com.intellij.diff.tools.combined.CombinedSideBySideDiffTool" />
              <option value="com.intellij.diff.tools.combined.CombinedUnifiedDiffTool" />
              <option value="com.intellij.openapi.vcs.changes.patch.tool.ApplyPatchDiffTool" />
              <option value="com.intellij.openapi.vcs.changes.patch.tool.PatchDiffTool.Unified" />
              <option value="com.intellij.openapi.vcs.changes.patch.tool.PatchDiffTool.SideBySide" />
              <option value="org.jetbrains.idea.svn.difftool.properties.SvnPropertiesDiffTool" />
              <option value="org.jetbrains.idea.svn.difftool.SvnPhantomChangeDiffRequestProvider.SvnPhantomDiffTool" />
              <option value="org.jetbrains.idea.svn.difftool.SvnTreeConflictDiffRequestProvider.SvnTreeConflictDiffTool" />
              <option value="com.intellij.database.model.diff.SchemaDiffTool" />
              <option value="com.intellij.database.diff.TableDiffTool" />
              <option value="com.intellij.diff.tools.fragmented.UnifiedDiffTool" />
              <option value="com.intellij.diff.tools.simple.SimpleDiffTool" />
              <option value="com.intellij.diff.tools.binary.BinaryDiffTool" />
              <option value="com.intellij.diff.tools.dir.DirDiffTool" />
            </list>
          </option>
        </PlaceSettings>
      </entry>
      <entry key="ChangesView">
        <PlaceSettings>
          <option name="DIFF_TOOLS_ORDER">
            <list>
              <option value="com.intellij.diff.tools.fragmented.UnifiedDiffTool" />
              <option value="com.intellij.diff.tools.simple.SimpleDiffTool" />
              <option value="com.intellij.openapi.vcs.changes.patch.tool.ApplyPatchDiffTool" />
              <option value="com.intellij.diff.tools.combined.CombinedUnifiedDiffTool" />
              <option value="com.intellij.diff.tools.combined.CombinedSideBySideDiffTool" />
              <option value="com.intellij.database.model.diff.SchemaDiffTool" />
              <option value="com.intellij.database.diff.TableDiffTool" />
              <option value="org.jetbrains.idea.svn.difftool.properties.SvnPropertiesDiffTool" />
              <option value="org.jetbrains.idea.svn.difftool.SvnPhantomChangeDiffRequestProvider.SvnPhantomDiffTool" />
              <option value="org.jetbrains.idea.svn.difftool.SvnTreeConflictDiffRequestProvider.SvnTreeConflictDiffTool" />
              <option value="com.intellij.diff.tools.binary.BinaryDiffTool" />
              <option value="com.intellij.diff.tools.dir.DirDiffTool" />
              <option value="com.intellij.jupyter.diff.extensions.JupyterDiffTool" />
              <option value="com.intellij.openapi.vcs.changes.patch.tool.PatchDiffTool.Unified" />
              <option value="com.intellij.openapi.vcs.changes.patch.tool.PatchDiffTool.SideBySide" />
            </list>
          </option>
        </PlaceSettings>
      </entry>
      <entry key="CommitDialog">
        <PlaceSettings>
          <option name="DIFF_TOOLS_ORDER">
            <list>
              <option value="com.intellij.openapi.vcs.changes.patch.tool.ApplyPatchDiffTool" />
              <option value="com.intellij.openapi.vcs.changes.patch.tool.PatchDiffTool" />
              <option value="com.intellij.diff.tools.combined.CombinedUnifiedDiffTool" />
              <option value="com.intellij.diff.tools.combined.CombinedSideBySideDiffTool" />
              <option value="org.jetbrains.idea.svn.difftool.properties.SvnPropertiesDiffTool" />
              <option value="org.jetbrains.idea.svn.difftool.SvnPhantomChangeDiffRequestProvider.SvnPhantomDiffTool" />
              <option value="org.jetbrains.idea.svn.difftool.SvnTreeConflictDiffRequestProvider.SvnTreeConflictDiffTool" />
              <option value="com.intellij.database.model.diff.SchemaDiffTool" />
              <option value="com.intellij.database.diff.TableDiffTool" />
              <option value="com.intellij.diff.tools.fragmented.UnifiedDiffTool" />
              <option value="com.intellij.diff.tools.simple.SimpleDiffTool" />
              <option value="com.intellij.diff.tools.binary.BinaryDiffTool" />
              <option value="com.intellij.diff.tools.dir.DirDiffTool" />
            </list>
          </option>
        </PlaceSettings>
      </entry>
      <entry key="Default">
        <PlaceSettings>
          <option name="DIFF_TOOLS_ORDER">
            <list>
              <option value="com.intellij.diff.tools.combined.CombinedSideBySideDiffTool" />
              <option value="com.intellij.diff.tools.combined.CombinedUnifiedDiffTool" />
              <option value="com.intellij.jupyter.diff.extensions.JupyterDiffTool" />
              <option value="com.intellij.openapi.vcs.changes.patch.tool.ApplyPatchDiffTool" />
              <option value="com.intellij.openapi.vcs.changes.patch.tool.PatchDiffTool.Unified" />
              <option value="com.intellij.openapi.vcs.changes.patch.tool.PatchDiffTool.SideBySide" />
              <option value="org.jetbrains.idea.svn.difftool.properties.SvnPropertiesDiffTool" />
              <option value="org.jetbrains.idea.svn.difftool.SvnPhantomChangeDiffRequestProvider.SvnPhantomDiffTool" />
              <option value="org.jetbrains.idea.svn.difftool.SvnTreeConflictDiffRequestProvider.SvnTreeConflictDiffTool" />
              <option value="com.intellij.database.model.diff.SchemaDiffTool" />
              <option value="com.intellij.database.diff.TableDiffTool" />
              <option value="com.intellij.diff.tools.simple.SimpleDiffTool" />
              <option value="com.intellij.diff.tools.fragmented.UnifiedDiffTool" />
              <option value="com.intellij.diff.tools.binary.BinaryDiffTool" />
              <option value="com.intellij.diff.tools.dir.DirDiffTool" />
            </list>
          </option>
        </PlaceSettings>
      </entry>
    </option>
  </component>
  <component name="ExternalDiffSettings">
    <option name="EXTERNAL_TOOLS">
      <map>
        <entry key="DIFF_TOOL">
          <value>
            <list>
              <ExternalTool>
                <option name="argumentPattern" value="%1 %2 %3" />
                <option name="name" value="BCompare.exe" />
                <option name="programPath" value="C:\software\BCompare\BCompare.exe" />
              </ExternalTool>
            </list>
          </value>
        </entry>
      </map>
    </option>
    <option name="EXTERNAL_TOOLS_ENABLED" value="true" />
    <option name="MIGRATE_OLD_SETTINGS" value="true" />
  </component>
  <component name="SvnDiffSettings">
    <option name="PLACES_MAP">
      <entry key="Default">
        <PlaceSettings>
          <option name="HIDE_PROPERTIES" value="true" />
          <option name="SPLITTER_PROPORTION" value="1.0" />
        </PlaceSettings>
      </entry>
    </option>
  </component>
  <component name="TextDiffSettings">
    <option name="PLACES_MAP">
      <entry key="ChangesToolWindowPreview">
        <PlaceSettings>
          <option name="EXPAND_BY_DEFAULT" value="false" />
        </PlaceSettings>
      </entry>
      <entry key="ChangesTreeDiffPreview">
        <PlaceSettings>
          <option name="EXPAND_BY_DEFAULT" value="false" />
        </PlaceSettings>
      </entry>
      <entry key="ChangesView">
        <PlaceSettings>
          <option name="BREADCRUMBS_PLACEMENT" value="TOP" />
          <option name="EXPAND_BY_DEFAULT" value="false" />
          <option name="SHOW_INDENT_LINES" value="true" />
          <option name="SHOW_WHITESPACES" value="true" />
        </PlaceSettings>
      </entry>
      <entry key="CommitDialog">
        <PlaceSettings>
          <option name="EXPAND_BY_DEFAULT" value="false" />
          <option name="READ_ONLY_LOCK" value="false" />
          <option name="SHOW_INDENT_LINES" value="true" />
          <option name="SHOW_WHITESPACES" value="true" />
        </PlaceSettings>
      </entry>
      <entry key="Default">
        <PlaceSettings>
          <option name="BREADCRUMBS_PLACEMENT" value="BOTTOM" />
          <option name="EXPAND_BY_DEFAULT" value="false" />
          <option name="SHOW_INDENT_LINES" value="true" />
          <option name="SHOW_WHITESPACES" value="true" />
        </PlaceSettings>
      </entry>
      <entry key="Merge">
        <PlaceSettings>
          <option name="EXPAND_BY_DEFAULT" value="false" />
        </PlaceSettings>
      </entry>
      <entry key="VcsFileHistoryView">
        <PlaceSettings>
          <option name="BREADCRUMBS_PLACEMENT" value="BOTTOM" />
          <option name="EXPAND_BY_DEFAULT" value="false" />
          <option name="SHOW_WHITESPACES" value="true" />
        </PlaceSettings>
      </entry>
    </option>
    <option name="SHARED_SETTINGS">
      <SharedSettings>
        <option name="ENABLE_ALIGNING_CHANGES_MODE" value="true" />
      </SharedSettings>
    </option>
  </component>
</application>