<application>
  <component name="CodeFoldingSettings">
    <option name="COLLAPSE_METHODS" value="true" />
    <option name="COLLAPSE_DOC_COMMENTS" value="true" />
    <option name="COLLAPSE_CUSTOM_FOLDING_REGIONS" value="true" />
  </component>
  <component name="CodeInsightSettings">
    <option name="completionCaseSensitive" value="2" />
    <option name="AUTO_POPUP_JAVADOC_INFO" value="true" />
    <option name="COMPLETION_CASE_SENSITIVE" value="2" />
    <option name="INSERT_BRACE_ON_ENTER" value="false" />
    <option name="INDENT_TO_CARET_ON_PASTE" value="true" />
  </component>
  <component name="CodeVisionSettings">
    <option name="codeVisionGroupToPosition">
      <map>
        <entry key="component.usage" value="Default" />
        <entry key="gittoolbox.code.vision.blame.changeDate" value="Default" />
        <entry key="gittoolbox.code.vision.blame.issueNav" value="Default" />
        <entry key="inheritors" value="Default" />
        <entry key="python.web.structure" value="Default" />
        <entry key="references" value="Default" />
        <entry key="vcs.code.vision" value="Right" />
      </map>
    </option>
    <option name="defaultPosition" value="Right" />
  </component>
  <component name="CursiveManagers">
    <option name="newStyle" value="true" />
  </component>
  <component name="DaemonCodeAnalyzerSettings" profile="Muu">
    <option name="AUTOREPARSE_DELAY" value="0" />
  </component>
  <component name="DeclarativeInlayHintsSettings">
    <option name="enabledOptions">
      <map>
        <entry key="js.type.hints#function.returns" value="true" />
        <entry key="js.type.hints#non.paren.single.param" value="true" />
        <entry key="js.type.hints#parameters.in.parens" value="true" />
        <entry key="js.type.hints#variables.and.fields" value="true" />
        <entry key="sql.column.names.inlay.hints#sql.show.column.names.for.asterisk" value="true" />
        <entry key="sql.column.names.inlay.hints#sql.show.column.names.for.set.operations" value="true" />
        <entry key="sql.column.names.inlay.hints#sql.show.column.names.in.insert.values" value="true" />
        <entry key="sql.column.names.inlay.hints#sql.show.column.names.in.select" value="true" />
        <entry key="sql.join.cardinality.hints#full.join" value="true" />
        <entry key="sql.join.cardinality.hints#inner.join" value="true" />
        <entry key="sql.join.cardinality.hints#left.join" value="true" />
        <entry key="sql.join.cardinality.hints#right.join" value="true" />
        <entry key="ts.type.hints#function.returns" value="true" />
        <entry key="ts.type.hints#non.paren.single.param" value="true" />
        <entry key="ts.type.hints#parameters.in.parens" value="true" />
        <entry key="ts.type.hints#variables.and.fields" value="true" />
      </map>
    </option>
    <option name="providerIdToEnabled">
      <map>
        <entry key="js.chain.hints" value="true" />
        <entry key="js.type.hints" value="true" />
        <entry key="qodana.yaml.inspection.descriptions" value="true" />
        <entry key="sql.column.names.inlay.hints" value="true" />
        <entry key="sql.join.cardinality.hints" value="true" />
        <entry key="ts.chain.hints" value="true" />
        <entry key="ts.enum.hints" value="true" />
        <entry key="ts.type.hints" value="true" />
      </map>
    </option>
  </component>
  <component name="EditorSettings">
    <option name="languageBreadcrumbsMap">
      <map>
        <entry key="Jupyter" value="true" />
        <entry key="Markdown" value="true" />
        <entry key="Python" value="true" />
        <entry key="SQL" value="true" />
      </map>
    </option>
    <option name="languageStickyLines">
      <map>
        <entry key="Jupyter" value="false" />
      </map>
    </option>
    <option name="USE_SOFT_WRAPS" value="CONSOLE" />
    <option name="IS_ENSURE_NEWLINE_AT_EOF" value="true" />
    <option name="REMOVE_TRAILING_BLANK_LINES" value="true" />
    <option name="TOOLTIPS_DELAY_MS" value="100" />
    <option name="IS_CARET_BLINKING" value="false" />
    <option name="ENABLE_RENDERED_DOC" value="true" />
    <option name="USE_EDITOR_FONT_IN_INLAYS" value="true" />
    <option name="IS_WHITESPACES_SHOWN" value="true" />
    <option name="IS_WHEEL_FONTCHANGE_ENABLED" value="true" />
  </component>
  <component name="InlayHintsSettings">
    <option name="lastViewedProviderKeyId" value=".vcs.code.vision" />
    <settingsMapElement>
      <SQL.sql.join.cardinality.hints>
        <Settings>
          <option name="showForFullJoin" value="true" />
          <option name="showForInnerJoin" value="true" />
          <option name="showForLeftJoin" value="true" />
          <option name="showForRightJoin" value="true" />
        </Settings>
      </SQL.sql.join.cardinality.hints>
    </settingsMapElement>
  </component>
  <component name="InlineCompletionOnboarding">
    <option name="onboardingFinished" value="true" />
  </component>
  <component name="InspectionProfileManager">
    <list size="12">
      <item index="0" class="java.lang.String" itemvalue="INFORMATION" />
      <item index="1" class="java.lang.String" itemvalue="TEXT ATTRIBUTES" />
      <item index="2" class="java.lang.String" itemvalue="STYLE_SUGGESTION" />
      <item index="3" class="java.lang.String" itemvalue="STYLE_WARNING" />
      <item index="4" class="java.lang.String" itemvalue="STYLE_ERROR" />
      <item index="5" class="java.lang.String" itemvalue="TYPO" />
      <item index="6" class="java.lang.String" itemvalue="GRAMMAR_ERROR" />
      <item index="7" class="java.lang.String" itemvalue="SERVER PROBLEM" />
      <item index="8" class="java.lang.String" itemvalue="WEAK WARNING" />
      <item index="9" class="java.lang.String" itemvalue="INFO" />
      <item index="10" class="java.lang.String" itemvalue="WARNING" />
      <item index="11" class="java.lang.String" itemvalue="ERROR" />
    </list>
  </component>
  <component name="PythonFoldingSettings">
    <option name="COLLAPSE_TYPE_ANNOTATIONS" value="true" />
  </component>
  <component name="SqlEditorTabsSettings" ALWAYS_QUALIFY_TAB_NAMES="true">
    <option name="alwaysQualifyTabNames" value="true" />
  </component>
  <component name="TodoConfiguration">
    <pattern pattern="\bNotImplementedException\b" />
    <pattern pattern="(?&lt;=\W|^)(?&lt;TAG&gt;BUG)(\W|$)(.*)" />
    <pattern pattern="(?&lt;=\W|^)(?&lt;TAG&gt;TODO\s@Muu)(\W|$)(.*)" />
    <pattern pattern="(?&lt;=\W|^)(?&lt;TAG&gt;FIXME)(\W|$)(.*)" />
  </component>
</application>