<application>
  <component name="FileTypeManager" version="19">
    <ignoreFiles list="*$py.class;*.cs;*.cs.*;*.dll*;*.pyc;*.pyo;*.rbc;*.sh;*.yarb;*~;.DS_Store;.git;.hg;.mypy_cache;.pytest_cache;.ruff_cache;.svn;Base;CVS;Custom;__pycache__;_svn;battlevideo;behaviac;cmdinterface;dataana;dblog121*;docker;err*.log;gslog*_*;lflogs;logbak;logs;vssver.scc;vssver2.scc;workspace.code-workspace" />
    <extensionMap>
      <mapping ext="csv" type="PLAIN_TEXT" />
      <mapping ext="exe" type="PLAIN_TEXT" />
      <mapping ext="so" type="PLAIN_TEXT" />
      <mapping ext="dat" type="PLAIN_TEXT" />
      <mapping ext="xdb" type="PLAIN_TEXT" />
      <removed_mapping ext="cfg" approved="true" type="Ini" />
      <removed_mapping ext="csv" approved="true" type="CSV/TSV" />
      <removed_mapping ext="dockerignore" approved="true" type="DockerIgnore file" />
      <removed_mapping ext="es" approved="true" type="ActionScript" />
      <removed_mapping ext="ignore" approved="true" type="IgnoreLang file" />
      <removed_mapping ext="inputactions" approved="true" type="JSON" />
      <removed_mapping ext="pdf" approved="true" type="Native" />
      <removed_mapping ext="redis" approved="true" type="Redis" />
      <removed_mapping ext="tps" approved="true" type="XML" />
      <removed_mapping ext="ts" approved="true" type="QtLinguist" />
      <removed_mapping ext="xls" approved="true" type="Native" />
      <removed_mapping ext="xlsx" approved="true" type="Native" />
    </extensionMap>
  </component>
</application>