<application>
  <component name="GraziConfig">
    <option name="suppressingContext">
      <SuppressingContext>
        <option name="suppressed">
          <set>
            <option value="Wed, 12 Jul 2024" />
            <option value="一季度" />
            <option value="即是" />
            <option value="四高位" />
            <option value="国门生物安全" />
            <option value="引起细菌二次" />
          </set>
        </option>
      </SuppressingContext>
    </option>
    <option name="detectionContext">
      <State>
        <option name="disabled">
          <set>
            <option value="CHINESE" />
            <option value="GERMAN" />
          </set>
        </option>
      </State>
    </option>
  </component>
</application>