<application>
  <component name="ProjectJdkTable">
    <jdk version="2">
      <name value="Python 3.13" />
      <type value="Python SDK" />
      <version value="Python 3.13.2" />
      <homePath value="B:/Program/Python/Env/Python313/python.exe" />
      <roots>
        <classPath>
          <root type="composite">
            <root url="file://B:/Program/Python/Env/Python313/DLLs" type="simple" />
            <root url="file://B:/Program/Python/Env/Python313/Lib" type="simple" />
            <root url="file://B:/Program/Python/Env/Python313" type="simple" />
            <root url="file://B:/Program/Python/Env/Python313/Lib/site-packages" type="simple" />
            <root url="file://$USER_HOME$/AppData/Local/JetBrains/PyCharm2025.1/python_stubs/-675148311" type="simple" />
            <root url="file://$APPLICATION_HOME_DIR$/plugins/python-ce/helpers/python-skeletons" type="simple" />
            <root url="file://$APPLICATION_HOME_DIR$/plugins/python-ce/helpers/typeshed/stdlib" type="simple" />
            <root url="file://$APPLICATION_HOME_DIR$/plugins/python-ce/helpers/typeshed/stubs/requests" type="simple" />
          </root>
        </classPath>
        <sourcePath>
          <root type="composite" />
        </sourcePath>
      </roots>
      <additional SDK_UUID="64621d1a-6289-428e-b549-aee03eddc6b2">
        <setting name="FLAVOR_ID" value="UnknownFlavor" />
        <setting name="FLAVOR_DATA" value="{}" />
      </additional>
    </jdk>
    <jdk version="2">
      <name value="uv (quick_config_link)" />
      <type value="Python SDK" />
      <version value="Python 3.13.2" />
      <homePath value="B:/Program/Python/Project/quick_config_link/.venv/Scripts/python.exe" />
      <roots>
        <classPath>
          <root type="composite">
            <root url="file://B:/Program/Python/Env/Python313/DLLs" type="simple" />
            <root url="file://B:/Program/Python/Env/Python313/Lib" type="simple" />
            <root url="file://B:/Program/Python/Env/Python313" type="simple" />
            <root url="file://B:/Program/Python/Project/quick_config_link/.venv" type="simple" />
            <root url="file://B:/Program/Python/Project/quick_config_link/.venv/Lib/site-packages" type="simple" />
            <root url="file://$USER_HOME$/AppData/Local/JetBrains/PyCharm2025.1/python_stubs/549415426" type="simple" />
            <root url="file://$APPLICATION_HOME_DIR$/plugins/python-ce/helpers/python-skeletons" type="simple" />
            <root url="file://$APPLICATION_HOME_DIR$/plugins/python-ce/helpers/typeshed/stdlib" type="simple" />
            <root url="file://$APPLICATION_HOME_DIR$/plugins/python-ce/helpers/typeshed/stubs/psutil" type="simple" />
          </root>
        </classPath>
        <sourcePath>
          <root type="composite" />
        </sourcePath>
      </roots>
      <additional ASSOCIATED_PROJECT_PATH="B:/Program/Python/Project/quick_config_link" SDK_UUID="18029a20-054e-40f4-ab87-878c1b3ef35f" IS_UV="true">
        <setting name="FLAVOR_ID" value="UvSdkFlavor" />
        <setting name="FLAVOR_DATA" value="{}" />
      </additional>
    </jdk>
    <jdk version="2">
      <name value="uv (rule_overwrite)" />
      <type value="Python SDK" />
      <version value="Python 3.13.2" />
      <homePath value="B:/Program/Python/Project/rule_overwrite/.venv/Scripts/python.exe" />
      <roots>
        <classPath>
          <root type="composite">
            <root url="file://B:/Program/Python/Env/Python313/DLLs" type="simple" />
            <root url="file://B:/Program/Python/Env/Python313/Lib" type="simple" />
            <root url="file://B:/Program/Python/Env/Python313" type="simple" />
            <root url="file://B:/Program/Python/Project/rule_overwrite/.venv" type="simple" />
            <root url="file://B:/Program/Python/Project/rule_overwrite/.venv/Lib/site-packages" type="simple" />
            <root url="file://B:/Program/Python/IDE/configurations/system/python_stubs/-1778364239" type="simple" />
            <root url="file://$APPLICATION_HOME_DIR$/plugins/python-ce/helpers/python-skeletons" type="simple" />
            <root url="file://$APPLICATION_HOME_DIR$/plugins/python-ce/helpers/typeshed/stdlib" type="simple" />
            <root url="file://$APPLICATION_HOME_DIR$/plugins/python-ce/helpers/typeshed/stubs/PyYAML" type="simple" />
          </root>
        </classPath>
        <sourcePath>
          <root type="composite" />
        </sourcePath>
      </roots>
      <additional ASSOCIATED_PROJECT_PATH="B:/Program/Python/Project/rule_overwrite" SDK_UUID="1c3d0962-7d44-4f23-8753-dd03d4ca04c7" IS_UV="true">
        <setting name="FLAVOR_ID" value="UvSdkFlavor" />
        <setting name="FLAVOR_DATA" value="{}" />
      </additional>
    </jdk>
    <jdk version="2">
      <name value="uv (day_sign)" />
      <type value="Python SDK" />
      <version value="Python 3.13.2" />
      <homePath value="B:/Program/Python/Project/day_sign/.venv/Scripts/python.exe" />
      <roots>
        <classPath>
          <root type="composite">
            <root url="file://B:/Program/Python/Env/Python313/DLLs" type="simple" />
            <root url="file://B:/Program/Python/Env/Python313/Lib" type="simple" />
            <root url="file://B:/Program/Python/Env/Python313" type="simple" />
            <root url="file://B:/Program/Python/Project/day_sign/.venv" type="simple" />
            <root url="file://B:/Program/Python/Project/day_sign/.venv/Lib/site-packages" type="simple" />
            <root url="file://B:/Program/Python/IDE/configurations/system/python_stubs/2018885625" type="simple" />
            <root url="file://$APPLICATION_HOME_DIR$/plugins/python-ce/helpers/python-skeletons" type="simple" />
            <root url="file://$APPLICATION_HOME_DIR$/plugins/python-ce/helpers/typeshed/stdlib" type="simple" />
            <root url="file://$APPLICATION_HOME_DIR$/plugins/python-ce/helpers/typeshed/stubs/cffi" type="simple" />
            <root url="file://$APPLICATION_HOME_DIR$/plugins/python-ce/helpers/typeshed/stubs/requests" type="simple" />
          </root>
        </classPath>
        <sourcePath>
          <root type="composite" />
        </sourcePath>
      </roots>
      <additional ASSOCIATED_PROJECT_PATH="B:/Program/Python/Project/day_sign" SDK_UUID="33df9768-0366-44ce-b6a1-9313ec41fc2d" IS_UV="true">
        <setting name="FLAVOR_ID" value="UvSdkFlavor" />
        <setting name="FLAVOR_DATA" value="{}" />
      </additional>
    </jdk>
    <jdk version="2">
      <name value="uv (day_sign) (2)" />
      <type value="Python SDK" />
      <version value="Python 3.13.2" />
      <homePath value="B:/Program/Python/Project/day_sign/.venv/Scripts/python.exe" />
      <roots>
        <classPath>
          <root type="composite">
            <root url="file://B:/Program/Python/Env/Python313/DLLs" type="simple" />
            <root url="file://B:/Program/Python/Env/Python313/Lib" type="simple" />
            <root url="file://B:/Program/Python/Env/Python313" type="simple" />
            <root url="file://B:/Program/Python/Project/day_sign/.venv" type="simple" />
            <root url="file://B:/Program/Python/Project/day_sign/.venv/Lib/site-packages" type="simple" />
            <root url="file://$USER_HOME$/AppData/Local/JetBrains/PyCharm2025.1/python_stubs/2018885625" type="simple" />
            <root url="file://$APPLICATION_HOME_DIR$/plugins/python-ce/helpers/python-skeletons" type="simple" />
            <root url="file://$APPLICATION_HOME_DIR$/plugins/python-ce/helpers/typeshed/stdlib" type="simple" />
            <root url="file://$APPLICATION_HOME_DIR$/plugins/python-ce/helpers/typeshed/stubs/beautifulsoup4" type="simple" />
          </root>
        </classPath>
        <sourcePath>
          <root type="composite" />
        </sourcePath>
      </roots>
      <additional ASSOCIATED_PROJECT_PATH="B:/Program/Python/Project/day_sign" SDK_UUID="7545c761-784d-4805-a0c7-da6eed7caea9" IS_UV="true">
        <setting name="FLAVOR_ID" value="UvSdkFlavor" />
        <setting name="FLAVOR_DATA" value="{}" />
      </additional>
    </jdk>
    <jdk version="2">
      <name value="uv (bookkeeping)" />
      <type value="Python SDK" />
      <version value="Python 3.13.2" />
      <homePath value="B:/Program/Python/Project/bookkeeping/.venv/Scripts/python.exe" />
      <roots>
        <classPath>
          <root type="composite">
            <root url="file://B:/Program/Python/Env/Python313/DLLs" type="simple" />
            <root url="file://B:/Program/Python/Env/Python313/Lib" type="simple" />
            <root url="file://B:/Program/Python/Env/Python313" type="simple" />
            <root url="file://B:/Program/Python/Project/bookkeeping/.venv" type="simple" />
            <root url="file://B:/Program/Python/Project/bookkeeping/.venv/Lib/site-packages" type="simple" />
            <root url="file://B:/Program/Python/IDE/configurations/system/python_stubs/-641644941" type="simple" />
            <root url="file://$APPLICATION_HOME_DIR$/plugins/python-ce/helpers/python-skeletons" type="simple" />
            <root url="file://$APPLICATION_HOME_DIR$/plugins/python-ce/helpers/typeshed/stdlib" type="simple" />
          </root>
        </classPath>
        <sourcePath>
          <root type="composite" />
        </sourcePath>
      </roots>
      <additional ASSOCIATED_PROJECT_PATH="B:/Program/Python/Project/bookkeeping" SDK_UUID="c441e92f-6c1d-495c-9027-22a2500f4528" IS_UV="true">
        <setting name="FLAVOR_ID" value="UvSdkFlavor" />
        <setting name="FLAVOR_DATA" value="{}" />
      </additional>
    </jdk>
    <jdk version="2">
      <name value="Python 3.13 (cs_trace)" />
      <type value="Python SDK" />
      <version value="Python 3.13.2" />
      <homePath value="B:/Program/Python/Project/cs_trace/.venv/Scripts/python.exe" />
      <roots>
        <classPath>
          <root type="composite">
            <root url="file://B:/Program/Python/Env/Python313/DLLs" type="simple" />
            <root url="file://B:/Program/Python/Env/Python313/Lib" type="simple" />
            <root url="file://B:/Program/Python/Env/Python313" type="simple" />
            <root url="file://B:/Program/Python/Project/cs_trace/.venv" type="simple" />
            <root url="file://B:/Program/Python/Project/cs_trace/.venv/Lib/site-packages" type="simple" />
            <root url="file://B:/Program/Python/IDE/configurations/system/python_stubs/-693636989" type="simple" />
            <root url="file://$APPLICATION_HOME_DIR$/plugins/python-ce/helpers/python-skeletons" type="simple" />
            <root url="file://$APPLICATION_HOME_DIR$/plugins/python-ce/helpers/typeshed/stdlib" type="simple" />
          </root>
        </classPath>
        <sourcePath>
          <root type="composite" />
        </sourcePath>
      </roots>
      <additional ASSOCIATED_PROJECT_PATH="B:/Program/Python/Project/cs_trace" SDK_UUID="b3285d82-43d8-4c87-bb87-129740475a60">
        <setting name="FLAVOR_ID" value="UnknownFlavor" />
        <setting name="FLAVOR_DATA" value="{}" />
      </additional>
    </jdk>
    <jdk version="2">
      <name value="Python 3.13 (PyCharmMiscProject)" />
      <type value="Python SDK" />
      <version value="Python 3.13.2" />
      <homePath value="$USER_HOME$/PyCharmMiscProject/.venv/Scripts/python.exe" />
      <roots>
        <classPath>
          <root type="composite">
            <root url="file://B:/Program/Python/Env/Python313/DLLs" type="simple" />
            <root url="file://B:/Program/Python/Env/Python313/Lib" type="simple" />
            <root url="file://B:/Program/Python/Env/Python313" type="simple" />
            <root url="file://$USER_HOME$/PyCharmMiscProject/.venv" type="simple" />
            <root url="file://$USER_HOME$/PyCharmMiscProject/.venv/Lib/site-packages" type="simple" />
            <root url="file://B:/Program/Python/IDE/configurations/system/python_stubs/-443905984" type="simple" />
            <root url="file://$APPLICATION_HOME_DIR$/plugins/python-ce/helpers/python-skeletons" type="simple" />
            <root url="file://$APPLICATION_HOME_DIR$/plugins/python-ce/helpers/typeshed/stdlib" type="simple" />
          </root>
        </classPath>
        <sourcePath>
          <root type="composite" />
        </sourcePath>
      </roots>
      <additional ASSOCIATED_PROJECT_PATH="$USER_HOME$/PyCharmMiscProject" SDK_UUID="9eb53be6-3a26-43ad-84be-8cf30238397c">
        <setting name="FLAVOR_ID" value="VirtualEnvSdkFlavor" />
        <setting name="FLAVOR_DATA" value="{}" />
      </additional>
    </jdk>
    <jdk version="2">
      <name value="uv (siyuan_code_snippets)" />
      <type value="Python SDK" />
      <version value="Python 3.13.2" />
      <homePath value="B:/Program/Python/Project/Siyaun/siyuan_code_snippets/.venv/Scripts/python.exe" />
      <roots>
        <classPath>
          <root type="composite">
            <root url="file://B:/Program/Python/Env/Python313/DLLs" type="simple" />
            <root url="file://B:/Program/Python/Env/Python313/Lib" type="simple" />
            <root url="file://B:/Program/Python/Env/Python313" type="simple" />
            <root url="file://B:/Program/Python/Project/Siyaun/siyuan_code_snippets/.venv" type="simple" />
            <root url="file://B:/Program/Python/Project/Siyaun/siyuan_code_snippets/.venv/Lib/site-packages" type="simple" />
            <root url="file://B:/Program/Python/IDE/configurations/system/python_stubs/1630661831" type="simple" />
            <root url="file://$APPLICATION_HOME_DIR$/plugins/python-ce/helpers/python-skeletons" type="simple" />
            <root url="file://$APPLICATION_HOME_DIR$/plugins/python-ce/helpers/typeshed/stdlib" type="simple" />
          </root>
        </classPath>
        <sourcePath>
          <root type="composite" />
        </sourcePath>
      </roots>
      <additional ASSOCIATED_PROJECT_PATH="B:/Program/Python/Project/Siyaun/siyuan_code_snippets" SDK_UUID="6ade249b-8c62-49f0-8aef-25f4bb55ac19" IS_UV="true">
        <setting name="FLAVOR_ID" value="UvSdkFlavor" />
        <setting name="FLAVOR_DATA" value="{}" />
      </additional>
    </jdk>
  </component>
</application>