<application>
  <component name="LafManager">
    <lafs-to-previous-schemes>
      <laf-to-scheme laf="Arc Dark" scheme="_@user_Arc Dark (Material)" />
      <laf-to-scheme laf="Arc Dark Compact" scheme="_@user_Arc Dark (Material)" />
      <laf-to-scheme laf="Arc Dark Compact Contrast" scheme="_@user_Arc Dark (Material)" />
      <laf-to-scheme laf="Arc Dark Contrast" scheme="_@user_Arc Dark (Material)" />
      <laf-to-scheme laf="Atom One Dark" scheme="_@user_Atom One Dark (Material)" />
      <laf-to-scheme laf="Atom One Dark Compact" scheme="_@user_Atom One Dark (Material)" />
      <laf-to-scheme laf="Atom One Dark Compact Contrast" scheme="_@user_Atom One Dark (Material)" />
      <laf-to-scheme laf="Atom One Dark Contrast" scheme="_@user_Atom One Dark (Material)" />
      <laf-to-scheme laf="Atom One Light" scheme="_@user_Atom One Light (Material)" />
      <laf-to-scheme laf="Atom One Light Compact" scheme="_@user_Atom One Light (Material)" />
      <laf-to-scheme laf="Atom One Light Compact Contrast" scheme="_@user_Atom One Light (Material)" />
      <laf-to-scheme laf="Atom One Light Contrast" scheme="_@user_Atom One Light (Material)" />
      <laf-to-scheme laf="Darcula" scheme="Muu's color" />
      <laf-to-scheme laf="Dracula" scheme="_@user_Dracula (Material)" />
      <laf-to-scheme laf="Dracula Compact" scheme="_@user_Dracula (Material)" />
      <laf-to-scheme laf="Dracula Compact Contrast" scheme="_@user_Dracula (Material)" />
      <laf-to-scheme laf="Dracula Contrast" scheme="_@user_Dracula (Material)" />
      <laf-to-scheme laf="ExperimentalDark" scheme="Muu's color" />
      <laf-to-scheme laf="GitHub" scheme="_@user_GitHub (Material)" />
      <laf-to-scheme laf="GitHub Compact" scheme="_@user_GitHub (Material)" />
      <laf-to-scheme laf="GitHub Compact Contrast" scheme="_@user_GitHub (Material)" />
      <laf-to-scheme laf="GitHub Contrast" scheme="_@user_GitHub (Material)" />
      <laf-to-scheme laf="GitHub Dark" scheme="_@user_GitHub Dark (Material)" />
      <laf-to-scheme laf="GitHub Dark Compact" scheme="_@user_GitHub Dark (Material)" />
      <laf-to-scheme laf="GitHub Dark Compact Contrast" scheme="_@user_GitHub Dark (Material)" />
      <laf-to-scheme laf="GitHub Dark Contrast" scheme="_@user_GitHub Dark (Material)" />
      <laf-to-scheme laf="Light Owl" scheme="_@user_Light Owl (Material)" />
      <laf-to-scheme laf="Light Owl Compact" scheme="_@user_Light Owl (Material)" />
      <laf-to-scheme laf="Light Owl Compact Contrast" scheme="_@user_Light Owl (Material)" />
      <laf-to-scheme laf="Light Owl Contrast" scheme="_@user_Light Owl (Material)" />
      <laf-to-scheme laf="Material Darker" scheme="_@user_Material Darker" />
      <laf-to-scheme laf="Material Darker Compact" scheme="_@user_Material Darker" />
      <laf-to-scheme laf="Material Darker Compact Contrast" scheme="_@user_Material Darker" />
      <laf-to-scheme laf="Material Darker Contrast" scheme="_@user_Material Darker" />
      <laf-to-scheme laf="Material Deep Ocean" scheme="_@user_Material Deep Ocean" />
      <laf-to-scheme laf="Material Deep Ocean Compact" scheme="_@user_Material Deep Ocean" />
      <laf-to-scheme laf="Material Deep Ocean Compact Contrast" scheme="_@user_Material Deep Ocean" />
      <laf-to-scheme laf="Material Deep Ocean Contrast" scheme="_@user_Material Deep Ocean" />
      <laf-to-scheme laf="Material Forest" scheme="_@user_Material Forest" />
      <laf-to-scheme laf="Material Forest Compact" scheme="_@user_Material Forest" />
      <laf-to-scheme laf="Material Forest Compact Contrast" scheme="_@user_Material Forest" />
      <laf-to-scheme laf="Material Forest Contrast" scheme="_@user_Material Forest" />
      <laf-to-scheme laf="Material Lighter" scheme="_@user_Material Lighter" />
      <laf-to-scheme laf="Material Lighter Compact" scheme="_@user_Material Lighter" />
      <laf-to-scheme laf="Material Lighter Compact Contrast" scheme="_@user_Material Lighter" />
      <laf-to-scheme laf="Material Lighter Contrast" scheme="_@user_Material Lighter" />
      <laf-to-scheme laf="Material Oceanic" scheme="_@user_Material Oceanic" />
      <laf-to-scheme laf="Material Oceanic Compact" scheme="_@user_Material Oceanic" />
      <laf-to-scheme laf="Material Oceanic Compact Contrast" scheme="_@user_Material Oceanic" />
      <laf-to-scheme laf="Material Oceanic Contrast" scheme="_@user_Material Oceanic" />
      <laf-to-scheme laf="Material Palenight" scheme="_@user_Material Palenight" />
      <laf-to-scheme laf="Material Palenight Compact" scheme="_@user_Material Palenight" />
      <laf-to-scheme laf="Material Palenight Compact Contrast" scheme="_@user_Material Palenight" />
      <laf-to-scheme laf="Material Palenight Contrast" scheme="_@user_Material Palenight" />
      <laf-to-scheme laf="Material Sandy Beach" scheme="_@user_Material Sandy Beach" />
      <laf-to-scheme laf="Material Sandy Beach Compact" scheme="_@user_Material Sandy Beach" />
      <laf-to-scheme laf="Material Sandy Beach Compact Contrast" scheme="_@user_Material Sandy Beach" />
      <laf-to-scheme laf="Material Sandy Beach Contrast" scheme="_@user_Material Sandy Beach" />
      <laf-to-scheme laf="Material Sky Blue" scheme="_@user_Material Sky Blue" />
      <laf-to-scheme laf="Material Sky Blue Compact" scheme="_@user_Material Sky Blue" />
      <laf-to-scheme laf="Material Sky Blue Compact Contrast" scheme="_@user_Material Sky Blue" />
      <laf-to-scheme laf="Material Sky Blue Contrast" scheme="_@user_Material Sky Blue" />
      <laf-to-scheme laf="Material Volcano" scheme="_@user_Material Volcano" />
      <laf-to-scheme laf="Material Volcano Compact" scheme="_@user_Material Volcano" />
      <laf-to-scheme laf="Material Volcano Compact Contrast" scheme="_@user_Material Volcano" />
      <laf-to-scheme laf="Material Volcano Contrast" scheme="_@user_Material Volcano" />
      <laf-to-scheme laf="Monokai Pro" scheme="_@user_Monokai Pro (Material)" />
      <laf-to-scheme laf="Monokai Pro Compact" scheme="_@user_Monokai Pro (Material)" />
      <laf-to-scheme laf="Monokai Pro Compact Contrast" scheme="_@user_Monokai Pro (Material)" />
      <laf-to-scheme laf="Monokai Pro Contrast" scheme="_@user_Monokai Pro (Material)" />
      <laf-to-scheme laf="Moonlight" scheme="_@user_Moonlight (Material)" />
      <laf-to-scheme laf="Moonlight Compact" scheme="_@user_Moonlight (Material)" />
      <laf-to-scheme laf="Moonlight Compact Contrast" scheme="_@user_Moonlight (Material)" />
      <laf-to-scheme laf="Moonlight Contrast" scheme="_@user_Moonlight (Material)" />
      <laf-to-scheme laf="Night Owl" scheme="_@user_Night Owl (Material)" />
      <laf-to-scheme laf="Night Owl Compact" scheme="_@user_Night Owl (Material)" />
      <laf-to-scheme laf="Night Owl Compact Contrast" scheme="_@user_Night Owl (Material)" />
      <laf-to-scheme laf="Night Owl Contrast" scheme="_@user_Night Owl (Material)" />
      <laf-to-scheme laf="RiderNight" scheme="_@user_ReSharper Dark" />
      <laf-to-scheme laf="Solarized Dark" scheme="_@user_Solarized Dark (Material)" />
      <laf-to-scheme laf="Solarized Dark Compact" scheme="_@user_Solarized Dark (Material)" />
      <laf-to-scheme laf="Solarized Dark Compact Contrast" scheme="_@user_Solarized Dark (Material)" />
      <laf-to-scheme laf="Solarized Dark Contrast" scheme="_@user_Solarized Dark (Material)" />
      <laf-to-scheme laf="Solarized Light" scheme="_@user_Solarized Light (Material)" />
      <laf-to-scheme laf="Solarized Light Compact" scheme="_@user_Solarized Light (Material)" />
      <laf-to-scheme laf="Solarized Light Compact Contrast" scheme="_@user_Solarized Light (Material)" />
      <laf-to-scheme laf="Solarized Light Contrast" scheme="_@user_Solarized Light (Material)" />
      <laf-to-scheme laf="SynthWave '84" scheme="_@user_SynthWave '84 (Material)" />
      <laf-to-scheme laf="SynthWave '84 Compact" scheme="_@user_SynthWave '84 (Material)" />
      <laf-to-scheme laf="SynthWave '84 Compact Contrast" scheme="Muu's color" />
      <laf-to-scheme laf="SynthWave '84 Contrast" scheme="_@user_SynthWave '84 (Material)" />
      <laf-to-scheme laf="dinbtechit-2179230b863b9b1d9f1eeb27ca4a3a70" scheme="Muu's color" />
      <laf-to-scheme laf="dinbtechit-7ef0c378d737e162955f3e028dcf9ccb" scheme="Muu's color" />
      <laf-to-scheme laf="ef29b6ef-e306-45f0-919d-6264c9105248" scheme="Muu's color" />
    </lafs-to-previous-schemes>
  </component>
</application>