<application>
  <component name="ProjectManager">
    <defaultProject>
      <component name="PropertiesComponent">{
  &quot;keyToString&quot;: {
    &quot;last_opened_file_path&quot;: &quot;B:/Programming/Python/Prj&quot;,
    &quot;settings.editor.selected.configurable&quot;: &quot;http.proxy&quot;
  }
}</component>
      <component name="TaskManager">
        <task active="true" id="Default" summary="默认任务">
          <created>1719806785513</created>
          <option name="number" value="Default" />
          <option name="presentableId" value="Default" />
          <updated>1719806785513</updated>
        </task>
        <servers />
      </component>
      <component name="WindowStateProjectService">
        <state x="473" y="154" key="#HTTP_Proxy" timestamp="1737000305889">
          <screen x="0" y="0" width="1848" height="1080" />
        </state>
        <state x="473" y="154" key="#HTTP_Proxy/0.0.1848.1080/-1920.0.1920.1050" timestamp="1737000305889" />
        <state x="703" y="293" key="FileChooserDialogImpl" timestamp="1733115051432">
          <screen x="0" y="0" width="1848" height="1080" />
        </state>
        <state x="703" y="293" key="FileChooserDialogImpl/0.0.1848.1080/-1920.0.1920.1050" timestamp="1733115051432" />
        <state x="504" y="213" width="840" height="551" key="IDE.errors.dialog" timestamp="1737000642685">
          <screen x="0" y="0" width="1848" height="1080" />
        </state>
        <state x="504" y="213" width="840" height="551" key="IDE.errors.dialog/0.0.1848.1080/-1920.0.1920.1050" timestamp="1737000642685" />
        <state x="424" y="178" key="SettingsEditor" timestamp="1736998847189">
          <screen x="0" y="0" width="1848" height="1080" />
        </state>
        <state x="424" y="178" key="SettingsEditor/0.0.1848.1080/-1920.0.1920.1050" timestamp="1736998847189" />
      </component>
    </defaultProject>
  </component>
</application>