<application>
  <component name="CachedDictionaryState">
    <words>
      <w>abilitys</w>
      <w>abilitysids</w>
      <w>accountid</w>
      <w>accounttimems</w>
      <w>actualamount</w>
      <w>addcount</w>
      <w>addcrit</w>
      <w>addcrue</w>
      <w>addexp</w>
      <w>addfriendship</w>
      <w>addhurt</w>
      <w>addpid</w>
      <w>addprocess</w>
      <w>addprogress</w>
      <w>addtimes</w>
      <w>addvalue</w>
      <w>advancedtreasuremap</w>
      <w>aftercount</w>
      <w>afterlimit</w>
      <w>afternum</w>
      <w>aftertimes</w>
      <w>aidata</w>
      <w>allerr</w>
      <w>allinfo</w>
      <w>allitem</w>
      <w>ancientnationalraffle</w>
      <w>appearancesid</w>
      <w>arenapvp</w>
      <w>arenascenepvp</w>
      <w>asctime</w>
      <w>asri</w>
      <w>assigncontent</w>
      <w>assister</w>
      <w>attachid</w>
      <w>attachmentitems</w>
      <w>attachrefresh</w>
      <w>attchmentlist</w>
      <w>autobattletest</w>
      <w>autoenter</w>
      <w>avatarframe</w>
      <w>avatarshowsid</w>
      <w>baseadd</w>
      <w>basegameplay</w>
      <w>batchtimes</w>
      <w>batllefashion</w>
      <w>batllelevel</w>
      <w>battlecom</w>
      <w>battledata</w>
      <w>battlefashion</w>
      <w>battlefieldstates</w>
      <w>battleinfo</w>
      <w>battleloss</w>
      <w>battleno</w>
      <w>battlepass</w>
      <w>battleplayer</w>
      <w>battlesid</w>
      <w>battletimes</w>
      <w>battleuid</w>
      <w>battlewin</w>
      <w>beaddpid</w>
      <w>bedelpid</w>
      <w>beforecount</w>
      <w>beforelimit</w>
      <w>beforenum</w>
      <w>beforetimes</w>
      <w>begintime</w>
      <w>behaviorsid</w>
      <w>beinvite</w>
      <w>blessbagamount</w>
      <w>boltextension</w>
      <w>boomcount</w>
      <w>bossid</w>
      <w>bosssid</w>
      <w>bossstar</w>
      <w>btop</w>
      <w>bufftypes</w>
      <w>buildsource</w>
      <w>buyweeks</w>
      <w>cachecom</w>
      <w>cbfunc</w>
      <w>challengesid</w>
      <w>chatbubbles</w>
      <w>chatbubblesid</w>
      <w>chatdesc</w>
      <w>chatgroupname</w>
      <w>chatlabel</w>
      <w>chatlabelsid</w>
      <w>chatuid</w>
      <w>chinkon</w>
      <w>chiprewardsids</w>
      <w>classmethod</w>
      <w>clearsids</w>
      <w>closecontrollersid</w>
      <w>closetime</w>
      <w>closetimems</w>
      <w>coef</w>
      <w>completedconditions</w>
      <w>conds</w>
      <w>configsid</w>
      <w>consumepoint</w>
      <w>consumetimes</w>
      <w>controllersid</w>
      <w>crossday</w>
      <w>crossseason</w>
      <w>crossweek</w>
      <w>ctls</w>
      <w>culturequainfo</w>
      <w>curecrit</w>
      <w>curecritadd</w>
      <w>curexp</w>
      <w>curlevel</w>
      <w>curlv</w>
      <w>curprocess</w>
      <w>curquaadd</w>
      <w>currentstar</w>
      <w>curstar</w>
      <w>dataana</w>
      <w>datafix</w>
      <w>daygifttimes</w>
      <w>dbdistrict</w>
      <w>dbmgr</w>
      <w>dbserver</w>
      <w>debriscollect</w>
      <w>debugname</w>
      <w>decomposetime</w>
      <w>defaultvalue</w>
      <w>defeateffect</w>
      <w>delpid</w>
      <w>descs</w>
      <w>dide</w>
      <w>dispatchendtimems</w>
      <w>districtbrithday</w>
      <w>districtlevel</w>
      <w>dockerimage</w>
      <w>dockerstore</w>
      <w>doubao</w>
      <w>droprank</w>
      <w>dsid</w>
      <w>dtoolbox</w>
      <w>dynamicopengameplay</w>
      <w>dyzl</w>
      <w>elasped</w>
      <w>endtime</w>
      <w>enterbattleinfo</w>
      <w>enterinfo</w>
      <w>enterworldtrial</w>
      <w>entryeffect</w>
      <w>entrysid</w>
      <w>entrysids</w>
      <w>errdata</w>
      <w>errdatalen</w>
      <w>errdatalist</w>
      <w>exceedpermillage</w>
      <w>excepthook</w>
      <w>exchangetimes</w>
      <w>excludepool</w>
      <w>excluderewardids</w>
      <w>existbuffs</w>
      <w>expcom</w>
      <w>expectamount</w>
      <w>expiredate</w>
      <w>expiretime</w>
      <w>expiretimestamp</w>
      <w>expiringdate</w>
      <w>expirytimems</w>
      <w>exprule</w>
      <w>extraaddvalue</w>
      <w>extractedsids</w>
      <w>extrainfo</w>
      <w>extraopengameplay</w>
      <w>extrarewardcount</w>
      <w>fashionsid</w>
      <w>festivalbattlepass</w>
      <w>festivaldaysign</w>
      <w>finishbattlepids</w>
      <w>firstprop</w>
      <w>forgesid</w>
      <w>forgespecialids</w>
      <w>formalgm</w>
      <w>fortuneseeker</w>
      <w>fortuneseekerdata</w>
      <w>forzen</w>
      <w>framesid</w>
      <w>friendid</w>
      <w>friendmgr</w>
      <w>friendplayerids</w>
      <w>froce</w>
      <w>frontamount</w>
      <w>frozenmoneys</w>
      <w>fullmail</w>
      <w>funcname</w>
      <w>gainexp</w>
      <w>gainlist</w>
      <w>gainlv</w>
      <w>gainmail</w>
      <w>gainschemes</w>
      <w>gamekey</w>
      <w>gameplays</w>
      <w>gameplaysid</w>
      <w>gateinfo</w>
      <w>gateno</w>
      <w>getfreepetfragmentsnow</w>
      <w>giftforgesids</w>
      <w>giftpetequiprules</w>
      <w>gifttimes</w>
      <w>globalplayer</w>
      <w>gmchange</w>
      <w>gradeonelottery</w>
      <w>groupchat</w>
      <w>groupname</w>
      <w>groupsid</w>
      <w>groupuid</w>
      <w>guaranteeresetability</w>
      <w>guaranteeresetnum</w>
      <w>guaranteewashnum</w>
      <w>guideflag</w>
      <w>guilddeclaration</w>
      <w>guildfightpvp</w>
      <w>guildmgr</w>
      <w>guildname</w>
      <w>guildpartycontrol</w>
      <w>guildplayer</w>
      <w>guilduid</w>
      <w>gvoice</w>
      <w>hadlv</w>
      <w>historyconsume</w>
      <w>hpath</w>
      <w>idxs</w>
      <w>ifloordiv</w>
      <w>incenter</w>
      <w>inchat</w>
      <w>initfinishswitch</w>
      <w>inplayer</w>
      <w>inputargs</w>
      <w>inputname</w>
      <w>inrank</w>
      <w>inscene</w>
      <w>inteam</w>
      <w>intop</w>
      <w>intoprank</w>
      <w>intrinsiccomguarantee</w>
      <w>intrinsicforgerank</w>
      <w>isbackward</w>
      <w>iscrossweek</w>
      <w>isdatasave</w>
      <w>isdatavalid</w>
      <w>isfriendfrombeaddplayer</w>
      <w>iswaitbreak</w>
      <w>itemamount</w>
      <w>itemdata</w>
      <w>iteminfos</w>
      <w>itemlist</w>
      <w>itemname</w>
      <w>itemsid</w>
      <w>itemtype</w>
      <w>itemuid</w>
      <w>itemusecount</w>
      <w>itruediv</w>
      <w>jetbra</w>
      <w>jetbrain</w>
      <w>jhcg</w>
      <w>jhsl</w>
      <w>jing</w>
      <w>khtml</w>
      <w>killtimes</w>
      <w>lastrefreshday</w>
      <w>lastrefreshtime</w>
      <w>lastrefreshturn</w>
      <w>leaderid</w>
      <w>leaderpid</w>
      <w>leavebykickout</w>
      <w>leftprogress</w>
      <w>lessexp</w>
      <w>levelname</w>
      <w>levelstage</w>
      <w>levelup</w>
      <w>lich</w>
      <w>lichking</w>
      <w>lichkingbonus</w>
      <w>lihoo</w>
      <w>lihooadmin</w>
      <w>lihoogame</w>
      <w>lihooserver</w>
      <w>limittime</w>
      <w>limittimems</w>
      <w>localstage</w>
      <w>localvars</w>
      <w>logadd</w>
      <w>logid</w>
      <w>loginsdk</w>
      <w>losslist</w>
      <w>magarm</w>
      <w>magatk</w>
      <w>magcrit</w>
      <w>maghit</w>
      <w>magicball</w>
      <w>mailid</w>
      <w>mailsid</w>
      <w>mailtype</w>
      <w>mainprotocol</w>
      <w>makeupweek</w>
      <w>mapsid</w>
      <w>mascotfashion</w>
      <w>maxconfig</w>
      <w>maxexp</w>
      <w>maxhp</w>
      <w>maxmp</w>
      <w>maxv</w>
      <w>maxwinbossstar</w>
      <w>memberlist</w>
      <w>mergeitemsid</w>
      <w>mergesid</w>
      <w>messagecenter</w>
      <w>methodargs</w>
      <w>minv</w>
      <w>missionconfig</w>
      <w>missioninfo</w>
      <w>missionsid</w>
      <w>missionstage</w>
      <w>missionsystem</w>
      <w>modulesid</w>
      <w>momentread</w>
      <w>momentuid</w>
      <w>momentwrite</w>
      <w>moneysid</w>
      <w>monstertrouble</w>
      <w>mprotocol</w>
      <w>msid</w>
      <w>mundanechallenge</w>
      <w>mundanechallengedata</w>
      <w>needexp</w>
      <w>needtimes</w>
      <w>newamount</w>
      <w>newassign</w>
      <w>newbuyweeklist</w>
      <w>newcount</w>
      <w>newdailyrewardavail</w>
      <w>newdata</w>
      <w>newdistrictlevel</w>
      <w>newentryreward</w>
      <w>newequip</w>
      <w>newexp</w>
      <w>newgifttimes</w>
      <w>newguaranteeresetnum</w>
      <w>newleaderpid</w>
      <w>newlevel</w>
      <w>newlv</w>
      <w>newnodelv</w>
      <w>newpid</w>
      <w>newprocess</w>
      <w>newprogress</w>
      <w>newproptype</w>
      <w>newrapidsuppression</w>
      <w>newreceivedreward</w>
      <w>newresetcnt</w>
      <w>newrewardopportunity</w>
      <w>newscheme</w>
      <w>newsid</w>
      <w>newsnapshotlevel</w>
      <w>newspeeduptime</w>
      <w>newstage</w>
      <w>newstar</w>
      <w>newstarpool</w>
      <w>newstoreexp</w>
      <w>newstorerate</w>
      <w>newsubprop</w>
      <w>newtotalexp</w>
      <w>newtype</w>
      <w>newunlock</w>
      <w>newunlocktime</w>
      <w>newusecap</w>
      <w>newusecount</w>
      <w>newvalue</w>
      <w>newweightvalue</w>
      <w>nextrereshtime</w>
      <w>nextsecond</w>
      <w>nodelv</w>
      <w>nodesid</w>
      <w>nowrefreshturn</w>
      <w>npcs</w>
      <w>objectweb</w>
      <w>offlineseasonarena</w>
      <w>oldactivedays</w>
      <w>oldamount</w>
      <w>oldassign</w>
      <w>oldbosssid</w>
      <w>oldbuyweeklist</w>
      <w>oldcount</w>
      <w>olddailyrewardavail</w>
      <w>olddata</w>
      <w>olddistrictlevel</w>
      <w>oldequip</w>
      <w>oldexp</w>
      <w>oldexpiringtime</w>
      <w>oldextrareceivelv</w>
      <w>oldgifttimes</w>
      <w>oldinfo</w>
      <w>oldlevel</w>
      <w>oldlv</w>
      <w>oldname</w>
      <w>oldnum</w>
      <w>oldprefectskins</w>
      <w>oldprocess</w>
      <w>oldprogress</w>
      <w>oldproptype</w>
      <w>oldreceivedreward</w>
      <w>oldresetcnt</w>
      <w>oldresigningcardgainamount</w>
      <w>oldrewardopportunity</w>
      <w>oldscheme</w>
      <w>oldsid</w>
      <w>oldskins</w>
      <w>oldsnapshotlevel</w>
      <w>oldspeeduptime</w>
      <w>oldstage</w>
      <w>oldstar</w>
      <w>oldstarpool</w>
      <w>oldstoreexp</w>
      <w>oldstorerate</w>
      <w>oldtodayexp</w>
      <w>oldtodayrecvtranscnt</w>
      <w>oldtype</w>
      <w>oldunlocktime</w>
      <w>oldusecap</w>
      <w>oldusecount</w>
      <w>oldusedpoint</w>
      <w>oldvalue</w>
      <w>oldversion</w>
      <w>oldwashresult</w>
      <w>oldweightvalue</w>
      <w>openday</w>
      <w>opendays</w>
      <w>opentime</w>
      <w>opentimems</w>
      <w>opentimetotaldays</w>
      <w>openweek</w>
      <w>openweeks</w>
      <w>oper</w>
      <w>orderindex</w>
      <w>oritent</w>
      <w>outtime</w>
      <w>overflowexp</w>
      <w>partnercom</w>
      <w>partnerequip</w>
      <w>partnerequipcom</w>
      <w>partnerexperience</w>
      <w>partnerid</w>
      <w>partnersid</w>
      <w>partnerspec</w>
      <w>partneruid</w>
      <w>partsids</w>
      <w>pbancienttower</w>
      <w>pbhero</w>
      <w>pblichking</w>
      <w>pbpartner</w>
      <w>pbpet</w>
      <w>pbspringfestivalsign</w>
      <w>pbteam</w>
      <w>perchainrewardcount</w>
      <w>petancientnationalraffle</w>
      <w>petancientnationalraffledata</w>
      <w>petcultivationrank</w>
      <w>petdivinechoice</w>
      <w>petentryeffect</w>
      <w>petequipsystem</w>
      <w>petfatetower</w>
      <w>petfatetowerdata</w>
      <w>petfatetowerrank</w>
      <w>petformation</w>
      <w>petfun</w>
      <w>petfungame</w>
      <w>petnamelabel</w>
      <w>petnamelabelsid</w>
      <w>petsatoribuff</w>
      <w>petsid</w>
      <w>petuid</w>
      <w>phyarm</w>
      <w>phyatk</w>
      <w>phycrit</w>
      <w>phyhit</w>
      <w>picgo</w>
      <w>pinfo</w>
      <w>playerdesc</w>
      <w>playerenter</w>
      <w>playergameplay</w>
      <w>playerids</w>
      <w>playerleave</w>
      <w>playermail</w>
      <w>playermisins</w>
      <w>playernamelabel</w>
      <w>playerserverno</w>
      <w>popuidlist</w>
      <w>positiondict</w>
      <w>posixpath</w>
      <w>precreate</w>
      <w>precreateplayer</w>
      <w>prerecharge</w>
      <w>presigned</w>
      <w>prestar</w>
      <w>preupload</w>
      <w>primaryprops</w>
      <w>processno</w>
      <w>productid</w>
      <w>productnumber</w>
      <w>productsid</w>
      <w>profitcom</w>
      <w>profitlog</w>
      <w>profitloginfo</w>
      <w>propa</w>
      <w>propb</w>
      <w>propertylist</w>
      <w>propertyname</w>
      <w>protocs</w>
      <w>protyle</w>
      <w>proxyplayermgr</w>
      <w>qarole</w>
      <w>qualifyingpvp</w>
      <w>qualitylv</w>
      <w>rankcls</w>
      <w>rankcrossday</w>
      <w>rankdatatypelist</w>
      <w>rankmgr</w>
      <w>rankscore</w>
      <w>ranksettlemessage</w>
      <w>ranktype</w>
      <w>rankutil</w>
      <w>ratingscore</w>
      <w>readfields</w>
      <w>readid</w>
      <w>readmongodb</w>
      <w>readmongourl</w>
      <w>realnum</w>
      <w>realnuwm</w>
      <w>realpay</w>
      <w>realusecap</w>
      <w>reaminggifttimes</w>
      <w>recv</w>
      <w>recvexp</w>
      <w>redisserver</w>
      <w>redisurl</w>
      <w>reducecrit</w>
      <w>reducefreepetfragmentstime</w>
      <w>reducemaghurt</w>
      <w>reducephyhurt</w>
      <w>reducetime</w>
      <w>refreshsid</w>
      <w>remotesrv</w>
      <w>replys</w>
      <w>resetdata</w>
      <w>reseted</w>
      <w>returnconsume</w>
      <w>returnitems</w>
      <w>rewardable</w>
      <w>rewardamount</w>
      <w>rewardclssid</w>
      <w>rewardgroup</w>
      <w>rewardgroupid</w>
      <w>rewardgroupids</w>
      <w>rewardgroupinfo</w>
      <w>rewardgroupsid</w>
      <w>rewardid</w>
      <w>rewardids</w>
      <w>rewardinfos</w>
      <w>rewardlist</w>
      <w>rewardopportunity</w>
      <w>rewardplayerids</w>
      <w>rewardsid</w>
      <w>rewardsids</w>
      <w>rewardstar</w>
      <w>rewardutil</w>
      <w>rolebg</w>
      <w>roledata</w>
      <w>rolesid</w>
      <w>roomname</w>
      <w>rulesid</w>
      <w>rumorinfo</w>
      <w>rumorsid</w>
      <w>sanqi</w>
      <w>sanqigid</w>
      <w>sanqipid</w>
      <w>saveid</w>
      <w>sceneid</w>
      <w>sceneobj</w>
      <w>scenepvp</w>
      <w>schemeid</w>
      <w>schemesid</w>
      <w>schoolsid</w>
      <w>scriptdir</w>
      <w>sealhit</w>
      <w>sealrst</w>
      <w>selectbuff</w>
      <w>selectitemsid</w>
      <w>sendername</w>
      <w>sendtime</w>
      <w>serverlv</w>
      <w>servermail</w>
      <w>servermodule</w>
      <w>serverno</w>
      <w>servicename</w>
      <w>settlepids</w>
      <w>shopsid</w>
      <w>skillskin</w>
      <w>skinsid</w>
      <w>slience</w>
      <w>snapshotlevel</w>
      <w>snostr</w>
      <w>socketfd</w>
      <w>sourcehistory</w>
      <w>specialsid</w>
      <w>specialstate</w>
      <w>speedupfreepetfragment</w>
      <w>speeduprank</w>
      <w>speicalid</w>
      <w>springfestivalsign</w>
      <w>sstz</w>
      <w>startmatch</w>
      <w>startturntable</w>
      <w>stoppriority</w>
      <w>storebuffexp</w>
      <w>straightloss</w>
      <w>subprotocol</w>
      <w>suppressevil</w>
      <w>surrendermonster</w>
      <w>targetpid</w>
      <w>targetsid</w>
      <w>taskuid</w>
      <w>taskuids</w>
      <w>tbbranch</w>
      <w>teamenter</w>
      <w>teammgr</w>
      <w>teamplayer</w>
      <w>teamplayercom</w>
      <w>teamplayergameplay</w>
      <w>teamuid</w>
      <w>templateinfo</w>
      <w>templatename</w>
      <w>tencentcos</w>
      <w>titlesid</w>
      <w>titlevalidtime</w>
      <w>tmbrs</w>
      <w>todayexp</w>
      <w>todaygameplay</w>
      <w>todayreward</w>
      <w>tongbao</w>
      <w>topid</w>
      <w>totalexp</w>
      <w>totalgifttimes</w>
      <w>totalnum</w>
      <w>totalv</w>
      <w>towerid</w>
      <w>tracebackdbg</w>
      <w>trisid</w>
      <w>turnafter</w>
      <w>turnbefore</w>
      <w>turnid</w>
      <w>turntableid</w>
      <w>turntablesid</w>
      <w>turntabletotalnum</w>
      <w>tydh</w>
      <w>uidlist</w>
      <w>uids</w>
      <w>unlockmodules</w>
      <w>unlockskill</w>
      <w>unlocktime</w>
      <w>upstar</w>
      <w>vaildtime</w>
      <w>validsec</w>
      <w>validtime</w>
      <w>validtimes</w>
      <w>videofullname</w>
      <w>vivo</w>
      <w>waitdropranklist</w>
      <w>waitdropranktypeset</w>
      <w>waitselectbosses</w>
      <w>waitselectbuffs</w>
      <w>washresult</w>
      <w>weaponfashion</w>
      <w>wincamp</w>
      <w>winstar</w>
      <w>wintuid</w>
      <w>zyxl</w>
    </words>
  </component>
</application>