<application>
  <component name="Trusted.Paths">
    <option name="TRUSTED_PROJECT_PATHS">
      <map>
        <entry key="B:\Program\Python\Project\Siyaun\siyuan_code_snippets" value="true" />
        <entry key="B:\Program\Python\Project\bookkeeping" value="true" />
        <entry key="B:\Program\Python\Project\cs_trace" value="true" />
        <entry key="B:\Program\Python\Project\day_sign" value="true" />
        <entry key="B:\Program\Python\Project\quick_config_link" value="true" />
        <entry key="B:\Program\Python\Project\rule_overwrite" value="true" />
        <entry key="B:\Program\Python\Project\server" value="true" />
        <entry key="B:\Programming\Python\Prj\AIBox" value="true" />
        <entry key="B:\Programming\Python\Prj\AIBox\app" value="true" />
        <entry key="B:\Programming\Python\Prj\AIBox\qt" value="true" />
        <entry key="B:\Programming\Python\Prj\cherry-studio" value="true" />
        <entry key="B:\Programming\Python\Prj\leetcode" value="true" />
        <entry key="B:\Programming\Python\Prj\leetcode\editor" value="true" />
        <entry key="B:\Programming\Python\Prj\leetcode\editor\cn" value="true" />
        <entry key="B:\Programming\Python\Prj\math\data_analysis" value="true" />
        <entry key="B:\Programming\Python\Prj\math\新建文件夹" value="true" />
        <entry key="B:\Programming\Python\Prj\simple_test" value="true" />
        <entry key="B:\Programming\Python\Prj\siyuan_pic_bed_ctl" value="true" />
        <entry key="B:\Quick" value="true" />
        <entry key="B:\Quick_Sync\Program\Prj\Python\IPCheker" value="true" />
        <entry key="B:\server" value="true" />
        <entry key="C:\Users\Muu\Desktop\Train" value="true" />
        <entry key="C:\Users\Muu\Desktop\Train\rule_overwrite" value="true" />
        <entry key="C:\Users\Muu\PyCharmMiscProject" value="true" />
        <entry key="C:\Users\Muu\PycharmProjects\quick_config_link" value="true" />
        <entry key="C:\Users\Muu\PycharmProjects\siyuan_code_snipaste" value="true" />
        <entry key="C:\Users\Muu\PycharmProjects\utools-siyuan-workspace-manager" value="true" />
        <entry key="Z:\git\server" value="true" />
        <entry key="Z:\m71\server" value="true" />
        <entry key="Z:\m71\server\protocs" value="true" />
        <entry key="Z:\m71\server\trunk\proto" value="true" />
        <entry key="Z:\m71\serverbranch" value="true" />
      </map>
    </option>
  </component>
  <component name="Trusted.Paths.Settings">
    <option name="TRUSTED_PATHS">
      <list>
        <option value="B:\Programming\Python\Prj" />
        <option value="C:\Users\Muu\Desktop" />
        <option value="B:\Program\Python\Project" />
      </list>
    </option>
  </component>
</application>