<application>
  <component name="DimensionService">
    <location key="find.popup.0.0.1920.1080" x="471" y="773" />
    <location key="find.popup.-1920.0.1920.1080" x="-766" y="572" />
    <location key="REMOTE_DEVELOPMENT_CONNECTION.0.0.1920.1080" x="415" y="159" />
    <size key="find.popup.0.0.1920.1080" width="649" height="528" />
    <size key="GridCell.Tab.0.left.0.0.1920.1080" width="1782" height="472" />
    <size key="GridCell.Tab.0.center.0.0.1920.1080" width="1782" height="472" />
    <size key="GridCell.Tab.0.right.0.0.1920.1080" width="1782" height="472" />
    <size key="GridCell.Tab.0.bottom.0.0.1920.1080" width="1782" height="472" />
    <size key="documentation.popup.size.0.0.1920.1080" width="411" height="350" />
    <size key="GridCell.Tab.1.left.0.0.1920.1080" width="1782" height="324" />
    <size key="GridCell.Tab.1.center.0.0.1920.1080" width="1782" height="324" />
    <size key="GridCell.Tab.1.right.0.0.1920.1080" width="1782" height="324" />
    <size key="GridCell.Tab.1.bottom.0.0.1920.1080" width="1782" height="324" />
    <size key="find.popup.-1920.0.1920.1080" width="649" height="528" />
    <size key="GridCell.Tab.0.left.-1920.0.1920.1080" width="1853" height="317" />
    <size key="GridCell.Tab.0.center.-1920.0.1920.1080" width="1853" height="317" />
    <size key="GridCell.Tab.0.right.-1920.0.1920.1080" width="1853" height="317" />
    <size key="GridCell.Tab.0.bottom.-1920.0.1920.1080" width="1853" height="317" />
    <size key="GridCell.Tab.1.left.-1920.0.1920.1080" width="1854" height="314" />
    <size key="GridCell.Tab.1.center.-1920.0.1920.1080" width="1854" height="314" />
    <size key="GridCell.Tab.1.right.-1920.0.1920.1080" width="1854" height="314" />
    <size key="GridCell.Tab.1.bottom.-1920.0.1920.1080" width="1854" height="314" />
    <size key="REMOTE_DEVELOPMENT_CONNECTION.0.0.1920.1080" width="1016" height="761" />
    <size key="GridCell.Tab.0.left.0.0.1280.960" width="1141" height="324" />
    <size key="GridCell.Tab.0.center.0.0.1280.960" width="1141" height="324" />
    <size key="GridCell.Tab.0.right.0.0.1280.960" width="1141" height="324" />
    <size key="GridCell.Tab.0.bottom.0.0.1280.960" width="1141" height="324" />
    <size key="GridCell.Tab.0.left.0.0.1680.1050" width="1541" height="499" />
    <size key="GridCell.Tab.0.center.0.0.1680.1050" width="1541" height="499" />
    <size key="GridCell.Tab.0.right.0.0.1680.1050" width="1541" height="499" />
    <size key="GridCell.Tab.0.bottom.0.0.1680.1050" width="1541" height="499" />
    <size key="GridCell.Tab.0.left.0.0.1024.768" width="885" height="339" />
    <size key="GridCell.Tab.0.center.0.0.1024.768" width="885" height="339" />
    <size key="GridCell.Tab.0.right.0.0.1024.768" width="885" height="339" />
    <size key="GridCell.Tab.0.bottom.0.0.1024.768" width="885" height="339" />
    <size key="GridCell.Tab.0.left.0.0.3840.2160@192dpi" width="3564" height="670" />
    <size key="GridCell.Tab.0.center.0.0.3840.2160@192dpi" width="3564" height="670" />
    <size key="GridCell.Tab.0.right.0.0.3840.2160@192dpi" width="3564" height="670" />
    <size key="GridCell.Tab.0.bottom.0.0.3840.2160@192dpi" width="3564" height="670" />
  </component>
  <component name="WindowManager">
    <frame x="1155" y="154" width="700" height="500" extendedState="6" />
  </component>
  <component name="WindowStateApplicationService">
    <state width="450" height="227" key="ShowUsagesActions.dimensionServiceKey" timestamp="1750052243932">
      <screen x="0" y="0" width="1920" height="1080" />
    </state>
    <state width="320" height="117" key="ShowUsagesActions.dimensionServiceKey/0.0.1367.900/-1920.0.1920.1050" timestamp="1748594135985" />
    <state width="432" height="95" key="ShowUsagesActions.dimensionServiceKey/0.0.1847.1080/-1920.0.1920.1050" timestamp="1746548204708" />
    <state width="681" height="668" key="ShowUsagesActions.dimensionServiceKey/0.0.1848.1080/-1920.0.1920.1050" timestamp="1746016023656" />
    <state width="450" height="227" key="ShowUsagesActions.dimensionServiceKey/0.0.1920.1080/-1920.0.1920.1080" timestamp="1750052243932" />
    <state x="738" y="466" width="1000" height="720" key="WELCOME_SCREEN" timestamp="1750731438268">
      <screen x="0" y="0" width="1206" height="960" />
    </state>
    <state x="738" y="466" width="1000" height="720" key="WELCOME_SCREEN/0.0.1206.960" timestamp="1750731438268" />
    <state x="738" y="466" width="1000" height="720" key="WELCOME_SCREEN/0.0.1207.960" timestamp="1749178312373" />
    <state x="683" y="420" width="1000" height="720" key="WELCOME_SCREEN/0.0.1367.900/-1920.0.1920.1050" timestamp="1749017515747" />
    <state x="830" y="480" width="1000" height="720" key="WELCOME_SCREEN/0.0.1440.1080/-1920.0.1920.1080" timestamp="1750042515200" />
    <state x="763" y="420" width="1118" height="720" key="WELCOME_SCREEN/0.0.1527.900/-1920.0.1920.1050" timestamp="1749171314009" />
    <state x="799" y="420" width="1171" height="720" key="WELCOME_SCREEN/0.0.1600.900/-1920.0.1920.180" timestamp="1749092886448" />
    <state x="803" y="470" width="1000" height="720" key="WELCOME_SCREEN/0.0.1607.1050/-1920.0.1920.1050" timestamp="1748685338575" />
    <state x="923" y="480" width="1118" height="720" key="WELCOME_SCREEN/0.0.1847.1080" timestamp="1750712590203" />
    <state x="923" y="480" width="1000" height="720" key="WELCOME_SCREEN/0.0.1847.1080/-1920.0.1920.1050" timestamp="1750297607862" />
    <state x="924" y="480" width="1000" height="720" key="WELCOME_SCREEN/0.0.1848.1080/-1920.0.1920.1050" timestamp="1745975469406" />
    <state x="959" y="480" width="1039" height="720" key="WELCOME_SCREEN/0.0.1920.1080/-1920.0.1920.1080" timestamp="1750129888750" />
    <state x="805" y="360" width="1118" height="720" key="WELCOME_SCREEN/0.0.1920.180/0.0.1920.180" timestamp="1749171473231" />
  </component>
</application>