<keymap version="1" name="Muu's keyMap" parent="$default">
  <action id="$EditorTranslateAction">
    <keyboard-shortcut first-keystroke="shift alt y" />
  </action>
  <action id="$ShowTranslationDialogAction">
    <keyboard-shortcut first-keystroke="shift alt t" />
  </action>
  <action id="$SwitchTranslationEngineAction" />
  <action id="ActivateBigDataToolWindowToolWindow">
    <keyboard-shortcut first-keystroke="shift ctrl alt b" />
  </action>
  <action id="ActivateBookmarksToolWindow">
    <keyboard-shortcut first-keystroke="alt 3" />
  </action>
  <action id="ActivateFindToolWindow">
    <keyboard-shortcut first-keystroke="alt 4" />
  </action>
  <action id="ActivateRunToolWindow">
    <keyboard-shortcut first-keystroke="alt 7" />
  </action>
  <action id="ActivateStructureToolWindow">
    <keyboard-shortcut first-keystroke="alt 2" />
  </action>
  <action id="AddToFavoritesPopup" />
  <action id="Annotate">
    <keyboard-shortcut first-keystroke="ctrl n" />
  </action>
  <action id="ChangesView.ApplyPatchFromClipboard">
    <keyboard-shortcut first-keystroke="shift alt p" />
  </action>
  <action id="ChangesView.CreatePatchToClipboard">
    <keyboard-shortcut first-keystroke="shift alt q" />
  </action>
  <action id="ChangesView.Rename">
    <keyboard-shortcut first-keystroke="f2" />
  </action>
  <action id="ChangesView.SetDefault" />
  <action id="CloseContent">
    <keyboard-shortcut first-keystroke="ctrl w" />
  </action>
  <action id="CodeCompletion">
    <keyboard-shortcut first-keystroke="ctrl j" />
  </action>
  <action id="CompareTwoFiles" />
  <action id="Console.TableResult.EditValueMaximized">
    <keyboard-shortcut first-keystroke="shift enter" />
  </action>
  <action id="Console.TableResult.Transpose">
    <keyboard-shortcut first-keystroke="alt t" />
  </action>
  <action id="ConsoleView.ClearAll">
    <keyboard-shortcut first-keystroke="ctrl l" />
  </action>
  <action id="Diff.ShowDiff" />
  <action id="EditorCompleteStatement">
    <keyboard-shortcut first-keystroke="ctrl space" />
  </action>
  <action id="EditorDecreaseFontSize">
    <mouse-shortcut keystroke="control button142" />
  </action>
  <action id="EditorDeleteLine">
    <keyboard-shortcut first-keystroke="ctrl d" />
  </action>
  <action id="EditorDuplicate">
    <keyboard-shortcut first-keystroke="ctrl q" />
  </action>
  <action id="EditorIncreaseFontSize">
    <mouse-shortcut keystroke="control button143" />
  </action>
  <action id="EditorSelectWord" />
  <action id="ExecuteRuff">
    <keyboard-shortcut first-keystroke="shift alt q" />
  </action>
  <action id="ExternalSystem.ProjectRefreshAction" />
  <action id="FileChooser.GotoDesktop" />
  <action id="FindNext">
    <keyboard-shortcut first-keystroke="f3" />
  </action>
  <action id="Git.Rename.Local.Branch">
    <keyboard-shortcut first-keystroke="f2" />
  </action>
  <action id="Git.Reword.Commit">
    <keyboard-shortcut first-keystroke="f2" />
  </action>
  <action id="GotoClass" />
  <action id="GotoNextError">
    <keyboard-shortcut first-keystroke="f6" />
  </action>
  <action id="GotoPreviousError">
    <keyboard-shortcut first-keystroke="shift f6" />
  </action>
  <action id="GotoTest" />
  <action id="HippieBackwardCompletion" />
  <action id="HippieCompletion" />
  <action id="InsertInlineCompletionAction">
    <keyboard-shortcut first-keystroke="enter" />
  </action>
  <action id="InsertLiveTemplate" />
  <action id="JupyterDebugAction" />
  <action id="Move">
    <keyboard-shortcut first-keystroke="shift f2" />
  </action>
  <action id="NotebookRunCellSelectBelowAction">
    <keyboard-shortcut first-keystroke="shift alt enter" />
  </action>
  <action id="OptimizeImports">
    <keyboard-shortcut first-keystroke="shift ctrl o" />
  </action>
  <action id="ParameterInfo">
    <keyboard-shortcut first-keystroke="ctrl p" />
    <keyboard-shortcut first-keystroke="ctrl caps_lock" />
  </action>
  <action id="PinActiveEditorTab" />
  <action id="PinToolwindowTab" />
  <action id="PreviousDiff">
    <keyboard-shortcut first-keystroke="shift f7" />
    <keyboard-shortcut first-keystroke="f8" />
  </action>
  <action id="QuickJavaDoc">
    <mouse-shortcut keystroke="alt button2" />
  </action>
  <action id="ReformatCode">
    <keyboard-shortcut first-keystroke="ctrl alt l" />
    <keyboard-shortcut first-keystroke="shift alt f" />
  </action>
  <action id="RenameElement">
    <keyboard-shortcut first-keystroke="f2" />
  </action>
  <action id="ReopenClosedTab">
    <keyboard-shortcut first-keystroke="shift ctrl t" />
  </action>
  <action id="RunDashboard.CopyConfiguration" />
  <action id="SendEOF" />
  <action id="ServiceView.ShowServices" />
  <action id="ShelvedChanges.Rename">
    <keyboard-shortcut first-keystroke="f2" />
  </action>
  <action id="SmartSelect" />
  <action id="SplitChooser" />
  <action id="StepInto">
    <keyboard-shortcut first-keystroke="shift alt f7" />
  </action>
  <action id="StepIntoMyCode">
    <keyboard-shortcut first-keystroke="f7" />
  </action>
  <action id="SynchronizeCurrentFile">
    <keyboard-shortcut first-keystroke="shift alt k" />
  </action>
  <action id="Terminal.MoveToolWindowTabLeft">
    <keyboard-shortcut first-keystroke="ctrl numpad4" />
  </action>
  <action id="Terminal.MoveToolWindowTabRight">
    <keyboard-shortcut first-keystroke="ctrl numpad6" />
  </action>
  <action id="Terminal.NewTab" />
  <action id="Translation.ShowTranslationDialogAction" />
  <action id="Vcs.Log.ShowTooltip">
    <mouse-shortcut keystroke="alt button2" />
  </action>
  <action id="WD.UploadCurrentRemoteFileAction" />
  <action id="XDebugger.CopyWatch" />
  <action id="co.fitten.llmintellij.FittenTabAction">
    <keyboard-shortcut first-keystroke="enter" />
  </action>
  <action id="com.jetbrains.plugins.remotesdk.console.RunSshConsoleAction">
    <keyboard-shortcut first-keystroke="shift ctrl s" />
  </action>
  <action id="com.tencent.code.intel.action.inlay.AcceptCompletionAction">
    <keyboard-shortcut first-keystroke="enter" />
  </action>
  <action id="com.tencent.code.intel.action.inlay.TriggerCompletionAction">
    <keyboard-shortcut first-keystroke="alt slash" />
  </action>
  <action id="hg4idea.QPushAction" />
  <action id="org.intellij.plugins.markdown.ui.actions.styling.ToggleStrikethroughAction" />
  <action id="tasks.switch" />
  <action id="编辑器EditorTranslateAction">
    <keyboard-shortcut first-keystroke="shift alt y" />
  </action>
  <action id="编辑器ShowTranslationDialogAction">
    <keyboard-shortcut first-keystroke="shift alt t" />
  </action>
</keymap>