<profile version="1.0" is_locked="false">
  <option name="myName" value="Muu copy" />
  <inspection_tool class="ClangTidy" enabled="false" level="WARNING" enabled_by_default="false" />
  <inspection_tool class="HelmChartMissingKeys" enabled="false" level="ERROR" enabled_by_default="false" />
  <inspection_tool class="HelmChartUnknownKeys" enabled="false" level="WARNING" enabled_by_default="false" />
  <inspection_tool class="HelmChartUnknownValues" enabled="false" level="ERROR" enabled_by_default="false" />
  <inspection_tool class="KubernetesDeprecatedKeys" enabled="false" level="WARNING" enabled_by_default="false" />
  <inspection_tool class="KubernetesDeprecatedResources" enabled="false" level="WARNING" enabled_by_default="false" />
  <inspection_tool class="KubernetesDuplicatedEnvVars" enabled="false" level="ERROR" enabled_by_default="false" />
  <inspection_tool class="KubernetesMissingKeys" enabled="false" level="ERROR" enabled_by_default="false" />
  <inspection_tool class="KubernetesNonEditableKeys" enabled="false" level="WARNING" enabled_by_default="false" />
  <inspection_tool class="KubernetesNonEditableResources" enabled="false" level="WARNING" enabled_by_default="false" />
  <inspection_tool class="KubernetesUnknownKeys" enabled="false" level="ERROR" enabled_by_default="false" />
  <inspection_tool class="KubernetesUnknownResourcesInspection" enabled="false" level="WARNING" enabled_by_default="false" />
  <inspection_tool class="KubernetesUnknownValues" enabled="false" level="ERROR" enabled_by_default="false" />
  <inspection_tool class="bY" enabled="false" level="WEAK WARNING" enabled_by_default="false" />
</profile>