<profile version="1.0">
  <option name="myName" value="Muu" />
  <inspection_tool class="7e5c2a6f-a258-30f1-a021-b337ca22d45a" enabled="true" level="ERROR" enabled_by_default="true" editorAttributes="ERRORS_ATTRIBUTES" />
  <inspection_tool class="AiaStyle" enabled="false" level="TYPO" enabled_by_default="false" />
  <inspection_tool class="AngularIllegalForLoopTrackAccess" enabled="false" level="ERROR" enabled_by_default="false" />
  <inspection_tool class="ClangTidy" enabled="false" enabled_by_default="false" />
  <inspection_tool class="CssUnresolvedCustomProperty" enabled="false" level="ERROR" enabled_by_default="false" />
  <inspection_tool class="CssUnusedSymbol" enabled="false" level="WARNING" enabled_by_default="false" />
  <inspection_tool class="CustomRegExpInspection" enabled="true" level="WARNING" enabled_by_default="true">
    <option name="myConfigurations">
      <list>
        <RegExpInspectionConfiguration>
          <option name="name" value="proto import error" />
          <option name="suppressId" value="191" />
          <option name="uuid" value="7e5c2a6f-a258-30f1-a021-b337ca22d45a" />
          <option name="patterns">
            <list>
              <InspectionPattern>
                <option name="regExp" value="from proto import (.*)_pb2" />
                <option name="_fileType" value="Python" />
                <option name="searchContext" value="ANY" />
                <option name="replacement" value="import $1_pb2" />
              </InspectionPattern>
            </list>
          </option>
        </RegExpInspectionConfiguration>
        <RegExpInspectionConfiguration>
          <option name="name" value="存在调试代码" />
          <option name="uuid" value="e6121dc7-2fda-3e25-afd9-8e40e60c28e3" />
          <option name="patterns">
            <list>
              <InspectionPattern>
                <option name="regExp" value="def\sPatch\((self)?\):|\s(print\(.*\))|(^print\(.*\))" />
                <option name="_fileType" value="Python" />
                <option name="searchContext" value="ANY" />
              </InspectionPattern>
            </list>
          </option>
        </RegExpInspectionConfiguration>
      </list>
    </option>
  </inspection_tool>
  <inspection_tool class="DuplicatedCode" enabled="false" level="WEAK WARNING" enabled_by_default="false" />
  <inspection_tool class="EmptyDirectory" enabled="true" level="WARNING" enabled_by_default="true" />
  <inspection_tool class="Eslint" enabled="true" level="WARNING" enabled_by_default="true" />
  <inspection_tool class="HelmChartMissingKeys" enabled="false" level="ERROR" enabled_by_default="false" />
  <inspection_tool class="HelmChartUnknownKeys" enabled="false" level="WARNING" enabled_by_default="false" />
  <inspection_tool class="HelmChartUnknownValues" enabled="false" level="ERROR" enabled_by_default="false" />
  <inspection_tool class="HtmlUnknownTag" enabled="true" level="WARNING" enabled_by_default="true">
    <option name="myValues">
      <value>
        <list size="7">
          <item index="0" class="java.lang.String" itemvalue="nobr" />
          <item index="1" class="java.lang.String" itemvalue="noembed" />
          <item index="2" class="java.lang.String" itemvalue="comment" />
          <item index="3" class="java.lang.String" itemvalue="noscript" />
          <item index="4" class="java.lang.String" itemvalue="embed" />
          <item index="5" class="java.lang.String" itemvalue="script" />
          <item index="6" class="java.lang.String" itemvalue="--asri-user-custom-accent" />
        </list>
      </value>
    </option>
    <option name="myCustomValuesEnabled" value="true" />
  </inspection_tool>
  <inspection_tool class="KubernetesDeprecatedKeys" enabled="false" level="WARNING" enabled_by_default="false" />
  <inspection_tool class="KubernetesDeprecatedResources" enabled="false" level="WARNING" enabled_by_default="false" />
  <inspection_tool class="KubernetesDuplicatedEnvVars" enabled="false" level="ERROR" enabled_by_default="false" />
  <inspection_tool class="KubernetesMissingKeys" enabled="false" level="ERROR" enabled_by_default="false" />
  <inspection_tool class="KubernetesNonEditableKeys" enabled="false" level="WARNING" enabled_by_default="false" />
  <inspection_tool class="KubernetesNonEditableResources" enabled="false" level="WARNING" enabled_by_default="false" />
  <inspection_tool class="KubernetesUnknownKeys" enabled="false" level="ERROR" enabled_by_default="false" />
  <inspection_tool class="KubernetesUnknownResourcesInspection" enabled="false" level="WARNING" enabled_by_default="false" />
  <inspection_tool class="KubernetesUnknownValues" enabled="false" level="ERROR" enabled_by_default="false" />
  <inspection_tool class="NonAsciiCharacters" enabled="false" level="WARNING" enabled_by_default="false" />
  <inspection_tool class="PbDuplicatedImports" enabled="false" level="WARNING" enabled_by_default="false" />
  <inspection_tool class="PyArgumentListInspection" enabled="true" level="ERROR" enabled_by_default="true" editorAttributes="ERRORS_ATTRIBUTES" />
  <inspection_tool class="PyAttributeOutsideInitInspection" enabled="true" level="TEXT ATTRIBUTES" enabled_by_default="true" editorAttributes="CONSIDERATION_ATTRIBUTES" />
  <inspection_tool class="PyAugmentAssignmentInspection" enabled="true" level="WEAK WARNING" enabled_by_default="true" />
  <inspection_tool class="PyBehaveInspection" enabled="true" level="WARNING" enabled_by_default="true" />
  <inspection_tool class="PyBroadExceptionInspection" enabled="false" level="TEXT ATTRIBUTES" enabled_by_default="false" editorAttributes="CONSIDERATION_ATTRIBUTES" />
  <inspection_tool class="PyClassHasNoInitInspection" enabled="false" level="WEAK WARNING" enabled_by_default="false" />
  <inspection_tool class="PyClassicStyleClassInspection" enabled="true" level="WARNING" enabled_by_default="true" />
  <inspection_tool class="PyCompatibilityInspection" enabled="true" level="WARNING" enabled_by_default="true">
    <option name="ourVersions">
      <value>
        <list size="2">
          <item index="0" class="java.lang.String" itemvalue="3.13" />
          <item index="1" class="java.lang.String" itemvalue="3.12" />
        </list>
      </value>
    </option>
  </inspection_tool>
  <inspection_tool class="PyInconsistentReturnsInspection" enabled="false" level="WEAK WARNING" enabled_by_default="false" />
  <inspection_tool class="PyIncorrectDocstringInspection" enabled="true" level="TEXT ATTRIBUTES" enabled_by_default="true" editorAttributes="CONSIDERATION_ATTRIBUTES" />
  <inspection_tool class="PyMandatoryEncodingInspection" enabled="true" level="WARNING" enabled_by_default="true" />
  <inspection_tool class="PyMethodMayBeStaticInspection" enabled="true" level="INFORMATION" enabled_by_default="true" editorAttributes="INFORMATION_ATTRIBUTES" />
  <inspection_tool class="PyMethodOverridingInspection" enabled="true" level="TEXT ATTRIBUTES" enabled_by_default="true" editorAttributes="CONSIDERATION_ATTRIBUTES" />
  <inspection_tool class="PyMissingTypeHintsInspection" enabled="true" level="WEAK WARNING" enabled_by_default="true" />
  <inspection_tool class="PyPep8Inspection" enabled="true" level="WEAK WARNING" enabled_by_default="true">
    <option name="ignoredErrors">
      <list>
        <option value="E302" />
        <option value="E731" />
        <option value="E231" />
        <option value="E225" />
        <option value="E402" />
        <option value="E722" />
      </list>
    </option>
  </inspection_tool>
  <inspection_tool class="PyPep8NamingInspection" enabled="true" level="WEAK WARNING" enabled_by_default="true">
    <option name="ignoredErrors">
      <list>
        <option value="N803" />
        <option value="N802" />
        <option value="N806" />
        <option value="N812" />
      </list>
    </option>
  </inspection_tool>
  <inspection_tool class="PyProtectedMemberInspection" enabled="true" level="TEXT ATTRIBUTES" enabled_by_default="true" editorAttributes="CONSIDERATION_ATTRIBUTES">
    <option name="ignoreAnnotations" value="true" />
  </inspection_tool>
  <inspection_tool class="PyRelativeImportInspection" enabled="false" level="WEAK WARNING" enabled_by_default="false" />
  <inspection_tool class="PyShadowingBuiltinsInspection" enabled="true" level="WEAK WARNING" enabled_by_default="true">
    <option name="ignoredNames">
      <list>
        <option value="input" />
      </list>
    </option>
  </inspection_tool>
  <inspection_tool class="PyUnresolvedReferencesInspection" enabled="true" level="WARNING" enabled_by_default="true">
    <option name="ignoredIdentifiers">
      <list>
        <option value="__RestoreData__" />
        <option value="libfire" />
        <option value="__Initialize__" />
        <option value="__Dumps__" />
      </list>
    </option>
  </inspection_tool>
  <inspection_tool class="PyUnusedLocalInspection" enabled="true" level="TEXT ATTRIBUTES" enabled_by_default="true" editorAttributes="CONSIDERATION_ATTRIBUTES" />
  <inspection_tool class="SSBasedInspection" enabled="true" level="WARNING" enabled_by_default="true" />
  <inspection_tool class="bY" enabled="false" level="WEAK WARNING" enabled_by_default="false" />
</profile>